Emp_ID,Name,Department,Experience_Years,Education,Performance_Score,MonthlyIncome
1001,Deepak Gupta,Finance,6,B.Com,3,62165.0
1002,Priya Sharma,Support,5,M.Com,3,39903.0
1003,Aman Singh,Marketing,5,PhD,4,68658.0
1004,Pooja Patel,R&D,2,B.Com,4,72904.0
1005,Pooja Bhat,IT,3,MBA,3,62312.0
1006,Vivek Malik,IT,4,B.Tech,3,57967.0
1007,Amit Malik,IT,9,M.Tech,2,63329.0
1008,Arjun Bhat,Support,0,PhD,3,46756.0
1009,Aman Mehra,R&D,5,PhD,3,81335.0
1010,Rohan Khan,R&D,5,MBA,3,76754.0
1011,Kavita Pathan,IT,5,MBA,3,63052.0
1012,Vikram Chopra,Support,5,BCA,2,36148.0
1013,Vikram Verma,Marketing,4,PhD,4,67690.0
1014,Rahul Mehra,HR,9,BCA,2,41289.0
1015,Neha Sharma,IT,6,BCA,4,65003.0
1016,Ritu Malik,IT,2,M.Tech,4,68857.0
1017,Amit Sharma,Finance,6,BCA,3,60237.0
1018,Sneha Joshi,Sales,6,B.Com,3,44869.0
1019,Rohan Mehra,Sales,6,M.Com,3,48968.0
1020,Akash Mehra,Finance,5,B.Tech,3,63190.0
1021,Akash Rao,R&D,2,MBA,3,72410.0
1022,Vivek Pathan,IT,5,B.Com,3,55752.0
1023,Priya Kaur,Finance,3,B.Tech,3,60629.0
1024,Amit Pathan,Finance,3,PhD,3,69443.0
1025,Akash Sharma,Sales,3,PhD,3,57265.0
1026,Vivek Pathan,Marketing,6,PhD,3,61825.0
1027,Meena Sharma,IT,6,B.Com,3,57495.0
1028,Pooja Joshi,Sales,4,B.Com,2,41869.0
1029,Sneha Patel,R&D,5,MBA,2,69952.0
1030,Ritu Chopra,IT,5,M.Com,3,55199.0
1031,Rahul Nair,R&D,7,BCA,2,65386.0
1032,Rahul Rao,IT,5,PhD,2,61773.0
1033,Kavita Patel,IT,3,M.Tech,4,74265.0
1034,Arjun Kaur,Support,4,M.Com,1,32675.0
1035,Arjun Pathan,Support,7,M.Tech,3,48010.0
1036,Neha Chopra,Marketing,5,MBA,3,56510.0
1037,Pooja Joshi,Finance,7,MBA,4,79936.0
1038,Amit Singh,IT,8,MBA,3,65051.0
1039,Deepak Nair,R&D,7,B.Tech,3,76535.0
1040,Aman Sharma,Sales,5,M.Tech,3,53842.0
1041,Priya Mehra,IT,8,M.Com,3,63379.0
1042,Vivek Bhat,Sales,4,M.Com,3,46145.0
1043,Vikram Verma,IT,6,B.Com,2,53679.0
1044,Kavita Rao,Support,8,B.Com,4,45587.0
1045,Rahul Malik,HR,6,PhD,3,59365.0
1046,Rohan Rao,R&D,3,B.Com,3,64558.0
1047,Akash Patel,Finance,8,MBA,3,71986.0
1048,Vikram Chopra,Sales,4,M.Com,3,43743.0
1049,Sneha Chopra,Sales,7,M.Tech,4,63934.0
1050,Priya Patel,IT,2,MBA,3,58405.0
1051,Ritu Chopra,Support,10,B.Tech,3,44486.0
1052,Ritu Malik,Marketing,6,B.Com,2,42344.0
1053,Vikram Malik,Support,4,MBA,4,52291.0
1054,Amit Patel,Support,5,MBA,3,45759.0
1055,Pooja Nair,R&D,6,B.Tech,2,67247.0
1056,Vivek Verma,Support,4,BCA,2,34298.0
1057,Ritu Patel,IT,5,M.Com,3,59701.0
1058,Sneha Rao,IT,6,M.Tech,4,75606.0
1059,Kavita Chopra,IT,3,PhD,3,66835.0
1060,Deepak Mehra,Finance,7,BCA,3,61845.0
1061,Karan Chopra,Finance,7,B.Com,1,51998.0
1062,Pooja Joshi,HR,8,MBA,3,56705.0
1063,Deepak Joshi,Marketing,4,B.Tech,3,51029.0
1064,Sneha Nair,Finance,7,B.Tech,4,74649.0
1065,Simran Malik,Finance,3,M.Com,3,57042.0
1066,Simran Gupta,Sales,4,BCA,4,49997.0
1067,Aman Rao,IT,4,PhD,3,64465.0
1068,Amit Kaur,Marketing,0,M.Com,1,35534.0
1069,Aman Verma,IT,1,MBA,3,60001.0
1070,Amit Singh,Support,1,M.Com,3,36950.0
1071,Arjun Verma,Marketing,7,M.Tech,4,70460.0
1072,Vivek Khan,IT,5,B.Tech,4,68193.0
1073,Karan Verma,IT,5,B.Tech,2,54326.0
1074,Aman Verma,Marketing,8,B.Com,2,46834.0
1075,Pooja Chopra,R&D,3,B.Com,2,56470.0
1076,Meena Patel,R&D,5,PhD,4,89902.0
1077,Aman Joshi,Marketing,3,MBA,4,61946.0
1078,Vivek Gupta,IT,5,M.Tech,3,65047.0
1079,Vikram Verma,Finance,1,BCA,3,55841.0
1080,Kavita Rao,IT,7,M.Com,3,58786.0
1081,Simran Nair,Support,2,PhD,3,48408.0
1082,Ritu Patel,R&D,4,MBA,3,73632.0
1083,Ritu Khan,Finance,6,B.Com,3,60477.0
1084,Meena Khan,IT,7,M.Com,1,47510.0
1085,Arjun Joshi,Finance,9,B.Com,2,57546.0
1086,Deepak Joshi,Finance,4,M.Com,4,71887.0
1087,Meena Gupta,R&D,1,BCA,3,63317.0
1088,Sneha Chopra,R&D,4,MBA,3,74646.0
1089,Sana Mehra,Support,6,M.Com,3,40352.0
1090,Amit Malik,Sales,3,M.Tech,3,52732.0
1091,Neha Kaur,IT,4,PhD,3,68418.0
1092,Priya Pathan,R&D,2,B.Tech,3,69026.0
1093,Sneha Sharma,Marketing,6,M.Tech,3,58323.0
1094,Priya Mehra,Sales,8,M.Tech,3,57149.0
1095,Akash Malik,Marketing,7,PhD,2,57150.0
1096,Amit Bhat,Sales,2,B.Tech,3,46583.0
1097,Akash Singh,Sales,6,M.Tech,3,52721.0
1098,Sneha Verma,Sales,9,M.Com,3,54568.0
1099,Arjun Patel,IT,3,M.Com,3,57060.0
1100,Vivek Rao,IT,8,M.Com,3,59779.0
1101,Karan Kaur,IT,7,B.Tech,2,57345.0
1102,Priya Nair,R&D,6,M.Tech,3,76829.0
1103,Priya Khan,Finance,10,B.Tech,4,78759.0
1104,Deepak Patel,Sales,5,M.Com,2,40677.0
1105,Arjun Bhat,Support,5,PhD,3,50743.0
1106,Priya Chopra,HR,5,M.Tech,3,50868.0
1107,Arjun Bhat,Sales,5,M.Tech,2,50083.0
1108,Karan Bhat,Marketing,4,B.Com,3,47355.0
1109,Pooja Pathan,HR,10,B.Com,3,46280.0
1110,Pooja Singh,IT,3,BCA,3,55043.0
1111,Meena Verma,Finance,2,MBA,4,71480.0
1112,Priya Nair,IT,6,B.Com,3,57440.0
1113,Karan Chopra,Support,4,B.Tech,2,36767.0
1114,Priya Singh,Marketing,4,B.Com,4,53833.0
1115,Aman Khan,R&D,8,BCA,3,70015.0
1116,Arjun Pathan,Support,5,M.Tech,3,45683.0
1117,Sana Gupta,Marketing,4,BCA,3,45857.0
1118,Sana Patel,IT,7,M.Tech,3,68021.0
1119,Priya Pathan,Support,4,PhD,3,50729.0
1120,Meena Mehra,Sales,2,PhD,2,50341.0
1121,Meena Patel,Marketing,2,M.Tech,3,53005.0
1122,Priya Pathan,Support,3,MBA,2,36087.0
1123,Kavita Singh,Finance,3,B.Com,4,64983.0
1124,Sneha Sharma,IT,8,B.Tech,2,59182.0
1125,Amit Chopra,HR,6,B.Tech,3,53301.0
1126,Sana Chopra,Sales,0,M.Com,4,48113.0
1127,Kavita Bhat,Marketing,8,M.Tech,3,58974.0
1128,Simran Bhat,Support,5,B.Tech,3,42830.0
1129,Sneha Pathan,IT,4,MBA,3,62580.0
1130,Sneha Kaur,Sales,5,M.Tech,3,56363.0
1131,Ritu Bhat,Sales,7,MBA,3,53964.0
1132,Meena Mehra,HR,6,B.Tech,3,48907.0
1133,Ritu Singh,IT,3,B.Tech,4,67564.0
1134,Simran Rao,Finance,4,M.Com,4,69313.0
1135,Priya Joshi,Support,2,B.Tech,4,47242.0
1136,Priya Rao,Finance,4,M.Tech,4,76295.0
1137,Rohan Khan,Sales,1,PhD,3,55751.0
1138,Vikram Nair,R&D,9,M.Tech,3,80576.0
1139,Akash Nair,Finance,3,M.Tech,4,73089.0
1140,Kavita Patel,Support,1,M.Com,3,38945.0
1141,Priya Singh,Support,5,M.Com,4,45386.0
1142,Deepak Malik,HR,4,B.Tech,3,48901.0
1143,Rohan Verma,Sales,6,BCA,3,46965.0
1144,Ritu Gupta,Finance,5,BCA,3,60489.0
1145,Rohan Bhat,Finance,8,M.Com,4,71958.0
1146,Karan Pathan,IT,5,B.Tech,2,54960.0
1147,Priya Patel,R&D,7,BCA,3,73520.0
1148,Aman Pathan,Sales,4,B.Tech,3,48793.0
1149,Priya Pathan,IT,1,B.Tech,3,57123.0
1150,Vikram Joshi,HR,5,B.Tech,3,49382.0
1151,Kavita Sharma,Support,4,B.Com,3,35309.0
1152,Deepak Joshi,HR,3,M.Tech,3,52590.0
1153,Rohan Joshi,IT,2,B.Tech,3,56729.0
1154,Priya Malik,Sales,12,B.Com,3,50079.0
1155,Ritu Kaur,Support,5,M.Com,3,43077.0
1156,Ritu Malik,HR,10,BCA,3,49736.0
1157,Priya Singh,R&D,6,M.Tech,2,70722.0
1158,Aman Pathan,Marketing,1,PhD,4,63847.0
1159,Priya Kaur,HR,6,BCA,3,45639.0
1160,Priya Malik,R&D,2,M.Tech,3,75745.0
1161,Arjun Khan,Finance,4,PhD,3,71339.0
1162,Amit Verma,R&D,5,BCA,3,72282.0
1163,Rohan Malik,R&D,8,M.Tech,3,79719.0
1164,Sneha Malik,Sales,4,BCA,3,45095.0
1165,Rahul Mehra,IT,2,BCA,3,52624.0
1166,Rohan Kaur,Marketing,1,PhD,3,55358.0
1167,Deepak Gupta,Finance,8,BCA,3,63090.0
1168,Sneha Patel,IT,8,BCA,2,53453.0
1169,Arjun Rao,IT,4,PhD,3,70311.0
1170,Amit Khan,R&D,1,M.Com,2,61294.0
1171,Sneha Mehra,R&D,9,B.Tech,2,71404.0
1172,Vivek Gupta,IT,4,MBA,4,70838.0
1173,Vikram Rao,Sales,2,B.Com,3,41303.0
1174,Pooja Gupta,HR,4,MBA,3,52197.0
1175,Karan Singh,R&D,3,MBA,3,73908.0
1176,Pooja Verma,IT,8,M.Tech,4,78083.0
1177,Amit Bhat,R&D,9,B.Tech,3,78692.0
1178,Arjun Patel,Finance,4,M.Tech,3,69053.0
1179,Neha Pathan,Support,4,B.Tech,3,41349.0
1180,Rohan Malik,IT,5,PhD,4,77194.0
1181,Rohan Malik,Finance,11,PhD,4,89518.0
1182,Aman Joshi,IT,8,B.Tech,4,72876.0
1183,Karan Malik,Support,6,BCA,2,39091.0
1184,Vikram Sharma,Support,2,M.Com,3,36086.0
1185,Priya Patel,HR,8,BCA,3,48861.0
1186,Simran Singh,R&D,7,M.Com,3,71719.0
1187,Sneha Rao,Marketing,6,M.Tech,4,65089.0
1188,Meena Mehra,Sales,5,M.Com,1,39982.0
1189,Vikram Rao,Sales,3,M.Tech,2,47317.0
1190,Rohan Rao,HR,5,PhD,3,57242.0
1191,Sneha Chopra,IT,3,MBA,2,56524.0
1192,Vikram Joshi,Support,3,PhD,2,43509.0
1193,Karan Sharma,Support,7,PhD,3,54011.0
1194,Priya Kaur,R&D,4,MBA,3,74752.0
1195,Priya Bhat,Finance,4,M.Com,1,47489.0
1196,Rohan Kaur,Finance,6,M.Com,3,61493.0
1197,Arjun Chopra,R&D,6,M.Tech,3,74173.0
1198,Akash Kaur,Support,3,BCA,2,33998.0
1199,Karan Mehra,Support,4,M.Tech,3,48288.0
1200,Arjun Nair,Marketing,6,BCA,3,47709.0
1201,Ritu Sharma,R&D,6,PhD,3,83422.0
1202,Akash Malik,IT,6,MBA,3,65942.0
1203,Akash Kaur,IT,6,PhD,1,56328.0
1204,Kavita Mehra,Support,3,B.Tech,4,48680.0
1205,Arjun Joshi,R&D,5,M.Com,4,79341.0
1206,Rohan Singh,IT,2,BCA,4,64115.0
1207,Simran Joshi,IT,5,M.Tech,1,51006.0
1208,Rahul Pathan,R&D,3,MBA,4,83071.0
1209,Ritu Gupta,IT,3,BCA,4,62050.0
1210,Akash Khan,IT,5,M.Tech,4,74189.0
1211,Rohan Chopra,Sales,11,M.Com,2,48654.0
1212,Sneha Joshi,R&D,7,PhD,3,89115.0
1213,Vivek Singh,R&D,7,M.Com,4,83333.0
1214,Rohan Pathan,HR,4,B.Com,3,42804.0
1215,Deepak Mehra,R&D,1,B.Tech,3,65676.0
1216,Meena Sharma,HR,4,B.Com,4,45765.0
1217,Vivek Gupta,Finance,5,MBA,3,69515.0
1218,Pooja Malik,Marketing,4,BCA,3,46700.0
1219,Neha Rao,R&D,4,MBA,3,78750.0
1220,Sneha Khan,Marketing,7,PhD,4,72552.0
1221,Sneha Kaur,R&D,6,M.Tech,2,72192.0
1222,Vikram Chopra,Sales,8,M.Com,3,50355.0
1223,Ritu Bhat,IT,4,B.Com,3,55254.0
1224,Vivek Rao,Finance,3,B.Com,3,56092.0
1225,Vivek Kaur,HR,0,PhD,3,49073.0
1226,Rohan Verma,HR,4,B.Com,4,47774.0
1227,Vikram Joshi,Support,1,PhD,4,53522.0
1228,Simran Kaur,Finance,4,MBA,2,59508.0
1229,Aman Sharma,Support,3,M.Com,3,36549.0
1230,Rohan Sharma,R&D,5,BCA,1,55308.0
1231,Amit Khan,Marketing,6,M.Tech,3,59458.0
1232,Ritu Nair,Sales,6,BCA,3,47938.0
1233,Akash Sharma,Sales,4,MBA,4,59657.0
1234,Kavita Chopra,Sales,4,M.Tech,4,61631.0
1235,Meena Bhat,IT,5,B.Com,2,48902.0
1236,Rahul Malik,R&D,1,B.Tech,2,60007.0
1237,Karan Joshi,Finance,9,MBA,3,73155.0
1238,Rahul Mehra,IT,7,MBA,3,64955.0
1239,Priya Chopra,R&D,5,M.Com,3,70343.0
1240,Amit Joshi,IT,4,BCA,4,61556.0
1241,Meena Sharma,Support,5,MBA,4,49776.0
1242,Neha Verma,Support,4,MBA,3,46248.0
1243,Vikram Malik,Support,1,B.Com,4,41066.0
1244,Rohan Gupta,Finance,3,B.Com,3,56188.0
1245,Priya Sharma,IT,7,M.Tech,3,65435.0
1246,Neha Khan,Support,6,PhD,3,48431.0
1247,Priya Chopra,Sales,10,PhD,2,60363.0
1248,Deepak Khan,Support,4,B.Tech,4,47417.0
1249,Karan Bhat,Support,5,PhD,3,49908.0
1250,Karan Mehra,Support,6,M.Com,3,40110.0
1251,Vivek Patel,Finance,6,B.Tech,3,62426.0
1252,Vivek Patel,Finance,8,M.Tech,1,60438.0
1253,Vikram Joshi,Support,4,B.Com,2,36480.0
1254,Neha Verma,Finance,3,PhD,3,68786.0
1255,Akash Gupta,IT,3,BCA,3,58377.0
1256,Ritu Nair,Sales,9,B.Com,3,47851.0
1257,Karan Malik,Support,7,M.Com,3,43882.0
1258,Rohan Verma,R&D,2,B.Com,3,64525.0
1259,Ritu Mehra,Sales,2,M.Com,3,45075.0
1260,Deepak Gupta,IT,4,M.Com,3,59790.0
1261,Priya Mehra,R&D,6,M.Com,4,82374.0
1262,Meena Joshi,Support,9,M.Tech,3,51184.0
1263,Akash Patel,IT,11,M.Com,3,61504.0
1264,Simran Malik,Sales,4,M.Com,2,39859.0
1265,Rohan Gupta,Support,7,BCA,3,40816.0
1266,Priya Chopra,Marketing,7,B.Tech,1,46320.0
1267,Vivek Rao,R&D,3,MBA,3,73651.0
1268,Aman Pathan,R&D,7,B.Tech,2,67513.0
1269,Sneha Verma,Finance,5,M.Com,3,58951.0
1270,Neha Sharma,Finance,2,BCA,3,56025.0
1271,Deepak Verma,Marketing,9,B.Com,3,50818.0
1272,Ritu Mehra,Marketing,6,BCA,2,43515.0
1273,Rahul Verma,Support,3,M.Com,2,33533.0
1274,Akash Gupta,Support,6,BCA,3,39347.0
1275,Sneha Verma,Sales,3,PhD,2,53053.0
1276,Amit Bhat,Sales,2,BCA,3,44499.0
1277,Arjun Patel,Marketing,8,M.Com,3,52745.0
1278,Rohan Patel,R&D,4,M.Tech,3,76315.0
1279,Vivek Khan,R&D,5,PhD,3,81897.0
1280,Simran Sharma,Marketing,4,BCA,4,53835.0
1281,Akash Kaur,Support,3,MBA,1,35635.0
1282,Vikram Bhat,Finance,4,MBA,3,67635.0
1283,Aman Patel,Finance,3,BCA,3,57962.0
1284,Priya Pathan,IT,11,M.Tech,2,64097.0
1285,Meena Pathan,Sales,6,B.Com,3,47749.0
1286,Vivek Malik,IT,5,M.Com,3,55275.0
1287,Vikram Sharma,Sales,5,MBA,3,55517.0
1288,Akash Rao,Sales,5,B.Com,3,45530.0
1289,Priya Mehra,Finance,3,BCA,3,56846.0
1290,Kavita Bhat,R&D,6,B.Com,3,69028.0
1291,Akash Chopra,IT,4,PhD,3,67073.0
1292,Neha Malik,IT,5,B.Tech,3,61712.0
1293,Pooja Joshi,Marketing,3,MBA,3,54818.0
1294,Ritu Pathan,Finance,7,BCA,1,51992.0
1295,Rohan Pathan,IT,3,M.Com,2,52000.0
1296,Pooja Mehra,Sales,6,M.Tech,3,55268.0
1297,Priya Pathan,Marketing,7,PhD,4,73893.0
1298,Amit Verma,HR,1,BCA,3,43349.0
1299,Kavita Gupta,R&D,6,M.Com,2,64244.0
1300,Ritu Singh,IT,4,M.Tech,4,74116.0
1301,Rohan Gupta,IT,2,M.Tech,3,62861.0
1302,Sneha Nair,Sales,2,BCA,3,43082.0
1303,Rohan Bhat,Sales,5,PhD,4,65493.0
1304,Pooja Malik,R&D,5,B.Com,3,69582.0
1305,Vikram Khan,R&D,3,B.Com,2,59338.0
1306,Rahul Joshi,Support,5,M.Tech,3,47580.0
1307,Akash Sharma,Sales,11,B.Com,3,51756.0
1308,Pooja Malik,Finance,2,B.Tech,3,64432.0
1309,Arjun Mehra,Marketing,6,M.Tech,3,57114.0
1310,Karan Gupta,HR,5,M.Tech,4,60169.0
1311,Neha Chopra,Sales,3,M.Com,4,51786.0
1312,Aman Joshi,IT,4,B.Com,4,62245.0
1313,Priya Gupta,IT,10,PhD,4,86065.0
1314,Sana Nair,Support,1,M.Tech,4,48990.0
1315,Amit Khan,Marketing,8,PhD,2,56101.0
1316,Aman Khan,R&D,3,B.Tech,3,72591.0
1317,Deepak Mehra,Sales,5,M.Com,3,48108.0
1318,Amit Rao,IT,4,BCA,4,62822.0
1319,Rahul Bhat,IT,11,PhD,3,77150.0
1320,Rahul Kaur,HR,3,M.Tech,3,54053.0
1321,Vivek Singh,Sales,4,B.Tech,2,43098.0
1322,Amit Joshi,R&D,3,MBA,3,73775.0
1323,Akash Gupta,R&D,3,B.Tech,3,67875.0
1324,Akash Nair,HR,8,B.Tech,2,46222.0
1325,Karan Rao,Support,1,M.Com,3,37951.0
1326,Pooja Pathan,Marketing,5,BCA,3,46728.0
1327,Deepak Nair,Sales,7,MBA,3,54895.0
1328,Vivek Rao,R&D,3,B.Com,3,66496.0
1329,Rahul Singh,Sales,7,B.Com,3,47282.0
1330,Vivek Malik,HR,5,PhD,3,55134.0
1331,Priya Mehra,Finance,7,B.Tech,2,60981.0
1332,Vivek Nair,Marketing,5,M.Com,4,57213.0
1333,Deepak Bhat,IT,7,M.Com,3,60354.0
1334,Kavita Joshi,IT,5,B.Com,3,57294.0
1335,Amit Joshi,IT,4,PhD,3,66832.0
1336,Meena Khan,IT,5,PhD,2,63319.0
1337,Vikram Mehra,Support,11,PhD,4,62302.0
1338,Sneha Rao,R&D,7,MBA,3,76601.0
1339,Sana Verma,Sales,6,BCA,3,47988.0
1340,Simran Nair,IT,3,MBA,2,56211.0
1341,Arjun Sharma,Sales,0,M.Tech,4,55555.0
1342,Priya Joshi,Sales,10,M.Tech,3,57802.0
1343,Rahul Patel,IT,5,BCA,2,52941.0
1344,Meena Joshi,Sales,5,B.Com,3,42508.0
1345,Aman Joshi,Finance,3,BCA,4,67739.0
1346,Amit Joshi,R&D,4,M.Com,3,69580.0
1347,Kavita Rao,R&D,2,M.Tech,3,71029.0
1348,Priya Verma,IT,2,B.Tech,3,57389.0
1349,Sneha Kaur,Finance,7,B.Tech,3,70443.0
1350,Akash Verma,R&D,3,B.Com,3,67080.0
1351,Vikram Sharma,Sales,1,M.Com,2,38538.0
1352,Sana Malik,Support,3,MBA,3,45383.0
1353,Priya Verma,R&D,7,M.Com,4,80526.0
1354,Sneha Pathan,IT,5,B.Tech,3,58443.0
1355,Simran Nair,IT,5,B.Tech,3,60399.0
1356,Sneha Sharma,R&D,4,M.Tech,3,76859.0
1357,Rohan Gupta,IT,5,M.Com,3,59297.0
1358,Pooja Nair,R&D,5,M.Com,4,80988.0
1359,Sana Malik,Support,3,B.Tech,3,41552.0
1360,Rohan Patel,Sales,3,MBA,2,44219.0
1361,Amit Mehra,Finance,6,B.Com,4,68509.0
1362,Pooja Pathan,R&D,6,PhD,3,83997.0
1363,Vivek Patel,Sales,4,B.Com,4,50615.0
1364,Rohan Verma,Sales,9,M.Com,3,50895.0
1365,Aman Gupta,Support,6,B.Com,4,43894.0
1366,Rahul Gupta,Finance,5,B.Tech,2,58769.0
1367,Priya Chopra,Support,5,B.Tech,3,39403.0
1368,Neha Singh,Support,4,M.Com,4,46282.0
1369,Sana Nair,IT,10,M.Com,2,57434.0
1370,Priya Khan,IT,6,PhD,2,64901.0
1371,Simran Patel,IT,2,PhD,3,61750.0
1372,Rahul Joshi,IT,4,M.Tech,4,75391.0
1373,Rohan Nair,IT,3,M.Com,2,49145.0
1374,Pooja Pathan,R&D,2,MBA,4,85712.0
1375,Neha Sharma,IT,5,B.Com,3,58839.0
1376,Vikram Nair,Finance,6,M.Com,3,60845.0
1377,Simran Kaur,Marketing,5,BCA,4,56226.0
1378,Simran Malik,IT,10,M.Tech,3,69754.0
1379,Deepak Pathan,Marketing,5,BCA,2,43041.0
1380,Aman Nair,Finance,5,B.Tech,3,63205.0
1381,Ritu Singh,IT,4,PhD,3,68388.0
1382,Priya Mehra,R&D,4,B.Com,3,67015.0
1383,Arjun Verma,R&D,3,M.Com,4,75048.0
1384,Ritu Nair,Support,6,BCA,3,40084.0
1385,Vikram Joshi,Marketing,4,B.Com,3,46026.0
1386,Arjun Rao,Marketing,2,B.Tech,3,46461.0
1387,Vivek Verma,Finance,9,PhD,2,70149.0
1388,Priya Joshi,IT,5,MBA,2,60791.0
1389,Priya Kaur,Marketing,9,M.Tech,4,68725.0
1390,Rohan Joshi,Marketing,5,B.Com,2,40147.0
1391,Sana Chopra,Support,5,B.Com,2,35322.0
1392,Aman Nair,Sales,1,MBA,3,47977.0
1393,Neha Gupta,Finance,5,B.Com,3,59612.0
1394,Aman Malik,Marketing,8,B.Tech,4,62092.0
1395,Arjun Joshi,Finance,6,B.Tech,3,67939.0
1396,Amit Verma,Support,2,MBA,1,35311.0
1397,Amit Nair,Support,5,M.Tech,3,45473.0
1398,Sneha Kaur,Sales,5,M.Com,3,46487.0
1399,Rahul Kaur,Marketing,4,BCA,3,45677.0
1400,Simran Pathan,Marketing,6,M.Com,3,50198.0
1401,Karan Malik,IT,5,B.Com,4,65905.0
1402,Karan Khan,Support,6,BCA,4,46673.0
1403,Sana Gupta,Sales,5,MBA,3,56302.0
1404,Arjun Singh,Marketing,4,MBA,3,55367.0
1405,Vivek Gupta,Finance,7,M.Tech,3,71693.0
1406,Amit Khan,Support,5,BCA,4,42503.0
1407,Rahul Verma,Finance,7,B.Tech,4,75930.0
1408,Rohan Singh,IT,6,BCA,2,52444.0
1409,Rahul Mehra,Support,4,B.Com,3,37996.0
1410,Sana Patel,IT,8,B.Tech,3,62117.0
1411,Ritu Nair,Finance,4,PhD,1,58399.0
1412,Vivek Malik,Support,3,PhD,1,37708.0
1413,Simran Pathan,Support,5,PhD,3,51326.0
1414,Karan Patel,Sales,10,MBA,3,59094.0
1415,Ritu Khan,R&D,6,BCA,1,55024.0
1416,Simran Rao,Sales,4,PhD,3,55014.0
1417,Kavita Singh,Finance,3,M.Com,3,57522.0
1418,Karan Singh,Finance,3,M.Tech,3,66196.0
1419,Arjun Verma,R&D,5,M.Com,3,68084.0
1420,Neha Patel,Marketing,2,PhD,2,54068.0
1421,Karan Joshi,Marketing,6,M.Tech,3,58558.0
1422,Akash Chopra,Marketing,2,B.Com,2,41459.0
1423,Neha Bhat,IT,5,M.Com,3,55696.0
1424,Pooja Nair,Sales,2,BCA,2,41460.0
1425,Kavita Joshi,IT,6,BCA,3,58878.0
1426,Arjun Gupta,Sales,3,M.Com,2,40316.0
1427,Karan Singh,Sales,5,PhD,3,55767.0
1428,Amit Sharma,Support,2,BCA,3,36494.0
1429,Akash Verma,Finance,6,B.Com,2,54180.0
1430,Rohan Joshi,IT,6,B.Tech,3,60963.0
1431,Meena Singh,IT,7,PhD,2,63922.0
1432,Priya Joshi,Marketing,6,B.Com,3,49130.0
1433,Arjun Gupta,R&D,6,M.Tech,3,74947.0
1434,Akash Singh,IT,4,B.Com,3,56793.0
1435,Meena Khan,IT,4,PhD,3,69213.0
1436,Rahul Chopra,R&D,7,M.Tech,4,91516.0
1437,Meena Khan,IT,5,PhD,3,68754.0
1438,Amit Mehra,Marketing,5,BCA,3,50025.0
1439,Neha Nair,R&D,8,B.Tech,3,76497.0
1440,Meena Malik,IT,4,PhD,4,76532.0
1441,Neha Malik,IT,2,PhD,3,66916.0
1442,Rahul Gupta,Support,3,BCA,3,40452.0
1443,Akash Malik,Finance,4,MBA,4,74143.0
1444,Meena Rao,Finance,6,BCA,3,62237.0
1445,Karan Rao,Marketing,9,M.Tech,4,67695.0
1446,Meena Nair,Support,3,BCA,4,43152.0
1447,Sneha Sharma,Support,5,BCA,2,34033.0
1448,Karan Sharma,Marketing,3,B.Tech,3,51955.0
1449,Priya Pathan,Finance,2,BCA,3,57050.0
1450,Sana Mehra,IT,4,PhD,3,67786.0
1451,Kavita Pathan,Marketing,9,B.Tech,3,58261.0
1452,Amit Kaur,Sales,4,M.Com,3,45232.0
1453,Arjun Sharma,Sales,5,MBA,2,49427.0
1454,Kavita Patel,Support,8,B.Tech,1,35590.0
1455,Vikram Kaur,IT,8,M.Tech,3,70698.0
1456,Vikram Gupta,Sales,5,M.Com,2,45580.0
1457,Neha Patel,IT,3,B.Tech,2,52606.0
1458,Amit Bhat,Sales,9,B.Tech,2,45089.0
1459,Vikram Kaur,IT,2,MBA,3,59600.0
1460,Pooja Gupta,IT,8,PhD,3,76381.0
1461,Sneha Bhat,IT,7,M.Tech,1,54516.0
1462,Kavita Joshi,R&D,6,B.Com,4,81057.0
1463,Ritu Singh,Marketing,9,B.Com,3,49713.0
1464,Vivek Rao,R&D,3,B.Tech,3,69014.0
1465,Meena Rao,Support,6,BCA,3,40593.0
1466,Neha Mehra,Finance,7,M.Tech,3,72467.0
1467,Karan Pathan,Finance,7,M.Com,3,65232.0
1468,Priya Singh,Support,5,BCA,2,35207.0
1469,Ritu Chopra,HR,5,BCA,2,42252.0
1470,Amit Rao,Support,1,M.Tech,4,51167.0
1471,Meena Rao,IT,7,PhD,3,73202.0
1472,Pooja Singh,Support,4,B.Tech,3,40645.0
1473,Priya Malik,IT,7,B.Tech,4,72800.0
1474,Akash Malik,Support,5,B.Tech,3,41568.0
1475,Kavita Nair,Sales,5,B.Tech,3,49374.0
1476,Deepak Singh,Support,3,B.Com,3,35880.0
1477,Aman Bhat,IT,5,B.Tech,1,48003.0
1478,Simran Chopra,Sales,5,B.Com,3,42167.0
1479,Rohan Rao,Support,4,B.Com,3,38664.0
1480,Vikram Kaur,Sales,3,PhD,4,62547.0
1481,Neha Malik,R&D,3,B.Tech,4,79095.0
1482,Priya Mehra,R&D,5,MBA,4,85529.0
1483,Amit Pathan,Sales,10,M.Com,4,58115.0
1484,Vivek Pathan,R&D,2,BCA,3,64449.0
1485,Kavita Pathan,R&D,5,B.Com,3,69679.0
1486,Karan Mehra,Support,3,M.Tech,3,44588.0
1487,Meena Mehra,IT,4,M.Tech,3,66724.0
1488,Aman Mehra,Finance,6,M.Com,4,73109.0
1489,Sneha Gupta,Support,3,M.Tech,2,40628.0
1490,Ritu Malik,Support,4,MBA,4,51780.0
1491,Kavita Kaur,Sales,4,M.Tech,4,61529.0
1492,Vivek Pathan,R&D,5,BCA,4,79637.0
1493,Priya Patel,HR,8,BCA,4,55061.0
1494,Simran Verma,IT,5,B.Com,3,55940.0
1495,Rahul Joshi,Sales,6,B.Tech,2,44488.0
1496,Neha Nair,Finance,3,PhD,2,64561.0
1497,Meena Bhat,R&D,4,MBA,3,74489.0
1498,Ritu Nair,IT,5,B.Com,3,51476.0
1499,Kavita Nair,Support,6,MBA,4,53785.0
1500,Ritu Patel,Support,7,B.Tech,4,48774.0
1501,Simran Kaur,R&D,5,M.Tech,3,76752.0
1502,Akash Patel,Sales,2,M.Tech,1,42129.0
1503,Aman Malik,Finance,6,PhD,2,64870.0
1504,Priya Nair,Marketing,4,B.Tech,2,46649.0
1505,Neha Mehra,R&D,2,B.Com,3,63589.0
1506,Simran Mehra,IT,4,PhD,3,66400.0
1507,Ritu Sharma,Support,2,B.Tech,1,32829.0
1508,Rahul Rao,Marketing,3,M.Com,3,45271.0
1509,Sana Pathan,Support,4,BCA,2,34673.0
1510,Priya Malik,R&D,7,PhD,3,84724.0
1511,Sneha Sharma,R&D,5,PhD,3,81528.0
1512,Priya Patel,Sales,5,B.Com,3,45953.0
1513,Deepak Sharma,Support,7,MBA,3,49400.0
1514,Sneha Joshi,Support,9,M.Com,4,48553.0
1515,Rohan Kaur,IT,7,B.Com,2,54083.0
1516,Sana Khan,IT,6,B.Tech,3,61472.0
1517,Simran Patel,Finance,6,B.Tech,3,64247.0
1518,Karan Khan,Marketing,9,B.Tech,3,55225.0
1519,Aman Mehra,Support,2,B.Tech,4,45900.0
1520,Rahul Joshi,IT,3,MBA,3,63426.0
1521,Ritu Bhat,R&D,9,M.Com,3,75286.0
1522,Vikram Singh,Finance,3,M.Tech,2,59410.0
1523,Sana Patel,Support,8,BCA,3,42998.0
1524,Karan Singh,Marketing,5,MBA,3,53508.0
1525,Arjun Sharma,Marketing,4,MBA,2,48679.0
1526,Priya Chopra,Sales,9,M.Tech,3,59749.0
1527,Rohan Joshi,Sales,2,M.Tech,3,54130.0
1528,Vikram Mehra,HR,5,BCA,2,41421.0
1529,Arjun Bhat,IT,10,BCA,3,62415.0
1530,Meena Joshi,Support,5,M.Tech,3,46754.0
1531,Ritu Malik,Marketing,4,B.Tech,2,47262.0
1532,Deepak Joshi,Support,7,MBA,3,47846.0
1533,Sana Malik,Support,3,B.Com,3,35014.0
1534,Sana Kaur,Sales,6,BCA,3,46353.0
1535,Deepak Singh,Marketing,3,BCA,3,45339.0
1536,Ritu Malik,Support,3,M.Tech,3,45494.0
1537,Vikram Mehra,Marketing,4,M.Com,3,48951.0
1538,Sana Mehra,HR,1,B.Com,4,48352.0
1539,Meena Nair,Sales,2,B.Com,3,41432.0
1540,Karan Nair,IT,4,BCA,2,50489.0
1541,Neha Pathan,Support,5,B.Tech,3,44239.0
1542,Priya Kaur,R&D,8,M.Com,4,86808.0
1543,Sneha Sharma,HR,7,B.Com,2,41752.0
1544,Aman Kaur,R&D,7,BCA,4,80845.0
1545,Rohan Verma,R&D,2,B.Com,4,72090.0
1546,Arjun Malik,Finance,6,PhD,2,64435.0
1547,Neha Mehra,IT,8,M.Com,4,68208.0
1548,Sneha Rao,R&D,6,M.Com,3,71608.0
1549,Priya Rao,Sales,4,PhD,4,64529.0
1550,Sana Malik,Marketing,4,MBA,3,55583.0
1551,Aman Malik,Sales,4,PhD,3,56731.0
1552,Aman Verma,Support,1,M.Tech,3,42669.0
1553,Meena Chopra,Sales,6,M.Tech,3,55952.0
1554,Kavita Verma,Sales,8,BCA,1,43430.0
1555,Arjun Sharma,Support,7,M.Com,3,40906.0
1556,Arjun Chopra,Sales,7,MBA,2,50368.0
1557,Vivek Rao,IT,6,MBA,3,66566.0
1558,Sneha Bhat,IT,6,B.Com,3,55815.0
1559,Priya Singh,Marketing,4,B.Com,3,48241.0
1560,Aman Pathan,R&D,3,PhD,3,75753.0
1561,Amit Khan,R&D,6,MBA,2,69948.0
1562,Sneha Nair,HR,3,PhD,2,49353.0
1563,Sneha Verma,IT,10,PhD,1,61787.0
1564,Priya Mehra,IT,5,B.Com,3,52703.0
1565,Ritu Verma,Finance,6,M.Com,4,73429.0
1566,Sana Bhat,R&D,6,PhD,2,75661.0
1567,Karan Joshi,Finance,4,B.Tech,4,73234.0
1568,Rohan Bhat,Sales,6,M.Com,3,50468.0
1569,Vivek Kaur,Support,5,MBA,3,44869.0
1570,Priya Kaur,Finance,3,MBA,3,61554.0
1571,Priya Gupta,Sales,2,PhD,4,64120.0
1572,Ritu Rao,Marketing,3,M.Com,2,43030.0
1573,Pooja Malik,Finance,2,B.Com,3,54356.0
1574,Amit Kaur,R&D,8,B.Com,3,72320.0
1575,Sneha Mehra,Support,7,M.Tech,3,52601.0
1576,Kavita Singh,Support,4,MBA,4,51137.0
1577,Arjun Verma,IT,3,BCA,2,51247.0
1578,Ritu Verma,Support,3,M.Tech,3,43993.0
1579,Pooja Nair,Sales,6,B.Com,3,43054.0
1580,Rohan Gupta,HR,5,M.Com,3,47351.0
1581,Neha Joshi,Sales,1,B.Com,3,42333.0
1582,Aman Chopra,Support,8,M.Com,3,41409.0
1583,Priya Pathan,Sales,9,M.Tech,4,68934.0
1584,Rohan Gupta,Finance,4,MBA,3,63881.0
1585,Sana Pathan,R&D,7,B.Com,4,77955.0
1586,Sneha Rao,HR,3,PhD,3,53988.0
1587,Ritu Verma,IT,7,M.Com,2,54185.0
1588,Arjun Pathan,IT,5,MBA,2,60498.0
1589,Simran Verma,IT,6,BCA,2,52714.0
1590,Rohan Pathan,IT,8,M.Com,3,60959.0
1591,Ritu Singh,IT,2,M.Tech,3,59871.0
1592,Priya Patel,R&D,4,BCA,3,69346.0
1593,Aman Sharma,IT,9,BCA,3,59301.0
1594,Rahul Pathan,Finance,4,B.Tech,2,55328.0
1595,Priya Singh,Support,4,B.Com,2,32880.0
1596,Priya Pathan,Sales,3,M.Com,3,45719.0
1597,Priya Pathan,R&D,4,BCA,3,66636.0
1598,Deepak Bhat,IT,4,B.Tech,2,55061.0
1599,Ritu Sharma,IT,6,M.Tech,2,60056.0
1600,Amit Joshi,IT,7,MBA,4,77104.0
1601,Rahul Patel,IT,3,PhD,4,76283.0
1602,Akash Bhat,HR,6,PhD,2,55327.0
1603,Vikram Joshi,IT,8,M.Com,3,60585.0
1604,Arjun Sharma,IT,7,BCA,3,60204.0
1605,Simran Patel,IT,3,PhD,3,63782.0
1606,Deepak Nair,Sales,4,B.Com,3,48293.0
1607,Rahul Kaur,HR,6,PhD,2,53831.0
1608,Deepak Kaur,Finance,8,PhD,3,76116.0
1609,Rahul Bhat,Sales,3,PhD,3,55579.0
1610,Neha Gupta,R&D,4,B.Tech,3,70909.0
1611,Vivek Malik,IT,3,BCA,3,57562.0
1612,Ritu Sharma,Marketing,8,B.Com,3,51112.0
1613,Rahul Malik,R&D,1,BCA,3,63289.0
1614,Sana Khan,IT,3,M.Com,2,49022.0
1615,Kavita Bhat,Support,7,M.Com,3,43176.0
1616,Deepak Pathan,Support,5,M.Com,1,33928.0
1617,Neha Joshi,IT,9,M.Tech,3,71152.0
1618,Ritu Chopra,HR,5,PhD,2,51574.0
1619,Vikram Bhat,Marketing,4,M.Tech,1,45235.0
1620,Akash Mehra,Marketing,5,B.Tech,3,54558.0
1621,Kavita Chopra,IT,7,M.Com,3,62859.0
1622,Neha Pathan,HR,3,B.Com,4,48660.0
1623,Vivek Nair,Finance,6,BCA,3,63055.0
1624,Akash Patel,Sales,7,PhD,2,55074.0
1625,Priya Singh,R&D,4,MBA,3,72789.0
1626,Ritu Verma,Finance,4,B.Com,3,56742.0
1627,Priya Khan,Sales,4,PhD,2,53559.0
1628,Sneha Mehra,Marketing,3,M.Tech,4,64186.0
1629,Simran Verma,IT,4,M.Tech,2,59901.0
1630,Arjun Gupta,HR,2,B.Com,4,47319.0
1631,Deepak Gupta,R&D,7,M.Tech,4,92837.0
1632,Sana Rao,Support,6,M.Com,3,40569.0
1633,Priya Sharma,Sales,7,B.Tech,4,59357.0
1634,Vikram Bhat,Sales,5,BCA,3,45673.0
1635,Kavita Nair,IT,4,B.Tech,2,52415.0
1636,Priya Verma,Sales,5,PhD,3,59377.0
1637,Neha Rao,Sales,4,BCA,2,42953.0
1638,Aman Nair,HR,7,BCA,3,50109.0
1639,Neha Singh,HR,5,B.Tech,3,48796.0
1640,Rohan Patel,Finance,6,B.Com,3,58796.0
1641,Neha Khan,IT,5,BCA,3,56377.0
1642,Karan Bhat,Finance,2,B.Tech,3,60428.0
1643,Vikram Rao,HR,4,BCA,4,50173.0
1644,Kavita Joshi,Finance,4,MBA,1,55138.0
1645,Rahul Sharma,IT,6,B.Com,3,57216.0
1646,Vivek Kaur,Support,11,M.Com,2,41426.0
1647,Priya Patel,R&D,6,BCA,3,70520.0
1648,Sana Khan,R&D,8,MBA,2,69742.0
1649,Aman Khan,Marketing,5,M.Com,3,49951.0
1650,Akash Singh,Sales,3,M.Com,3,45604.0
1651,Priya Chopra,IT,5,PhD,2,63525.0
1652,Amit Joshi,Sales,1,BCA,4,47908.0
1653,Neha Sharma,R&D,8,B.Tech,1,62975.0
1654,Aman Chopra,Marketing,6,BCA,3,50114.0
1655,Vivek Rao,Sales,4,MBA,1,42528.0
1656,Pooja Sharma,IT,7,M.Com,3,61206.0
1657,Priya Patel,Finance,1,BCA,3,56205.0
1658,Ritu Nair,Finance,7,B.Tech,3,66697.0
1659,Aman Malik,R&D,3,PhD,2,66636.0
1660,Aman Patel,Sales,9,BCA,3,47608.0
1661,Kavita Gupta,Finance,4,B.Com,3,56500.0
1662,Rohan Patel,Support,2,PhD,3,48372.0
1663,Ritu Mehra,R&D,4,B.Tech,3,73187.0
1664,Meena Sharma,HR,6,MBA,3,52798.0
1665,Aman Kaur,IT,2,M.Com,2,51192.0
1666,Karan Pathan,IT,1,BCA,3,53706.0
1667,Meena Singh,HR,7,B.Tech,2,45810.0
1668,Priya Singh,IT,7,PhD,2,65841.0
1669,Vikram Rao,IT,6,B.Com,2,51889.0
1670,Meena Gupta,Finance,8,B.Tech,3,67415.0
1671,Sneha Patel,IT,7,M.Tech,3,68303.0
1672,Priya Nair,Support,5,B.Com,4,44795.0
1673,Ritu Kaur,IT,6,PhD,2,64549.0
1674,Akash Mehra,Sales,6,MBA,3,54535.0
1675,Karan Gupta,Sales,7,M.Com,4,54259.0
1676,Priya Singh,Support,6,PhD,3,53868.0
1677,Rohan Nair,IT,3,MBA,3,59687.0
1678,Neha Rao,Finance,3,BCA,3,55741.0
1679,Meena Rao,Support,1,B.Tech,1,32687.0
1680,Vivek Chopra,Support,5,M.Tech,3,45869.0
1681,Amit Rao,Marketing,3,B.Com,3,47108.0
1682,Rohan Joshi,HR,9,B.Com,1,35706.0
1683,Neha Bhat,IT,8,B.Tech,2,59443.0
1684,Vivek Patel,R&D,4,M.Tech,3,77263.0
1685,Vivek Malik,Support,2,B.Tech,3,40217.0
1686,Deepak Rao,Sales,3,BCA,3,41159.0
1687,Pooja Verma,Sales,2,MBA,3,47751.0
1688,Sneha Verma,HR,4,PhD,3,56196.0
1689,Sana Patel,Marketing,4,B.Com,2,41771.0
1690,Pooja Mehra,IT,5,BCA,3,57961.0
1691,Sana Sharma,Finance,8,MBA,3,71354.0
1692,Sana Pathan,Sales,6,BCA,4,52967.0
1693,Aman Malik,Sales,3,M.Tech,2,44061.0
1694,Aman Singh,HR,5,B.Com,3,44794.0
1695,Rohan Rao,IT,6,PhD,3,69250.0
1696,Pooja Verma,R&D,3,B.Tech,3,69363.0
1697,Priya Joshi,Finance,8,B.Tech,1,53727.0
1698,Sana Pathan,R&D,8,MBA,3,78077.0
1699,Sana Nair,IT,5,PhD,4,80583.0
1700,Rohan Khan,Sales,4,M.Com,3,47525.0
1701,Aman Gupta,Sales,2,M.Tech,3,52698.0
1702,Meena Patel,IT,6,MBA,3,64971.0
1703,Pooja Joshi,Finance,5,M.Com,3,59103.0
1704,Vikram Pathan,IT,6,BCA,3,61057.0
1705,Kavita Bhat,IT,7,M.Tech,4,77583.0
1706,Vikram Bhat,Support,3,BCA,4,42605.0
1707,Meena Malik,Finance,9,PhD,3,77341.0
1708,Sneha Joshi,Marketing,2,B.Com,3,41549.0
1709,Amit Chopra,HR,0,M.Tech,4,56712.0
1710,Meena Nair,R&D,6,M.Com,3,69869.0
1711,Kavita Bhat,Marketing,4,B.Com,3,47152.0
1712,Meena Rao,R&D,6,B.Tech,2,68356.0
1713,Vivek Bhat,Sales,4,M.Com,3,46833.0
1714,Deepak Rao,Sales,5,MBA,3,53945.0
1715,Akash Sharma,Finance,2,B.Tech,4,70919.0
1716,Deepak Mehra,Support,5,B.Tech,3,41161.0
1717,Simran Singh,Marketing,4,MBA,2,49927.0
1718,Sana Rao,Support,3,M.Tech,3,45136.0
1719,Kavita Rao,IT,5,B.Tech,4,65991.0
1720,Rohan Patel,Marketing,3,PhD,3,58729.0
1721,Vikram Verma,Support,3,M.Com,2,36857.0
1722,Priya Bhat,IT,4,B.Com,1,46777.0
1723,Akash Bhat,IT,8,B.Tech,3,66586.0
1724,Priya Bhat,Marketing,5,M.Com,3,46949.0
1725,Akash Joshi,Sales,4,BCA,3,47587.0
1726,Ritu Sharma,Marketing,4,M.Com,2,44557.0
1727,Sana Bhat,IT,4,B.Com,4,64501.0
1728,Deepak Chopra,Marketing,4,M.Com,3,48116.0
1729,Ritu Kaur,HR,7,MBA,2,48224.0
1730,Arjun Chopra,IT,8,B.Com,3,56873.0
1731,Pooja Rao,IT,7,M.Tech,3,68880.0
1732,Kavita Pathan,Marketing,3,BCA,2,43172.0
1733,Meena Rao,R&D,6,MBA,3,75940.0
1734,Akash Bhat,Sales,6,M.Tech,2,47154.0
1735,Karan Joshi,Finance,4,M.Com,3,61211.0
1736,Priya Rao,Support,6,B.Com,3,38986.0
1737,Arjun Mehra,Finance,9,BCA,3,63420.0
1738,Deepak Patel,Marketing,6,MBA,3,54890.0
1739,Simran Joshi,Sales,4,M.Tech,3,54444.0
1740,Neha Singh,Finance,6,M.Tech,2,66625.0
1741,Amit Joshi,Sales,7,BCA,4,53408.0
1742,Neha Khan,Finance,4,PhD,4,79681.0
1743,Sneha Joshi,Marketing,3,M.Com,2,43908.0
1744,Vivek Khan,Sales,4,BCA,2,41993.0
1745,Vikram Sharma,HR,5,M.Tech,2,47854.0
1746,Meena Malik,Support,3,B.Tech,2,40138.0
1747,Sana Joshi,Finance,5,MBA,3,69113.0
1748,Karan Pathan,Sales,3,BCA,3,43736.0
1749,Kavita Mehra,Support,5,PhD,3,48431.0
1750,Sneha Sharma,R&D,5,M.Tech,3,79419.0
1751,Simran Patel,IT,5,M.Com,3,59868.0
1752,Arjun Nair,Support,6,M.Tech,3,47594.0
1753,Sana Rao,R&D,6,M.Com,1,58990.0
1754,Priya Gupta,Finance,6,BCA,3,61374.0
1755,Pooja Kaur,IT,5,M.Com,3,58861.0
1756,Meena Malik,Marketing,7,B.Com,1,38477.0
1757,Priya Mehra,R&D,3,B.Com,1,51673.0
1758,Rohan Singh,Sales,5,B.Com,4,52091.0
1759,Pooja Mehra,Support,7,PhD,3,54074.0
1760,Sana Kaur,Marketing,2,PhD,3,56464.0
1761,Ritu Kaur,IT,8,B.Tech,3,62676.0
1762,Kavita Gupta,Finance,4,PhD,3,73001.0
1763,Neha Malik,HR,2,BCA,3,41255.0
1764,Arjun Pathan,Marketing,5,M.Tech,1,46613.0
1765,Ritu Khan,IT,5,M.Tech,4,74143.0
1766,Sneha Nair,Sales,4,B.Tech,3,46508.0
1767,Priya Mehra,Marketing,6,PhD,2,56288.0
1768,Ritu Bhat,Support,8,M.Com,3,42250.0
1769,Karan Patel,Finance,4,B.Tech,3,63504.0
1770,Kavita Kaur,Marketing,3,M.Com,2,43697.0
1771,Simran Gupta,IT,6,M.Com,3,62340.0
1772,Amit Pathan,Marketing,4,MBA,2,51423.0
1773,Meena Kaur,IT,2,M.Tech,4,70258.0
1774,Sana Pathan,Finance,3,B.Com,2,52135.0
1775,Vikram Joshi,Marketing,1,PhD,3,58745.0
1776,Pooja Rao,IT,9,M.Com,4,72095.0
1777,Sana Chopra,HR,5,MBA,2,45456.0
1778,Ritu Bhat,R&D,3,M.Tech,4,86223.0
1779,Simran Rao,R&D,4,B.Com,4,77464.0
1780,Deepak Patel,R&D,3,M.Com,4,79277.0
1781,Kavita Singh,R&D,4,M.Com,2,62038.0
1782,Deepak Chopra,Sales,6,B.Tech,3,49800.0
1783,Vivek Mehra,HR,4,B.Tech,3,46107.0
1784,Priya Patel,Finance,2,M.Tech,4,74562.0
1785,Sneha Kaur,IT,6,B.Com,2,52619.0
1786,Deepak Gupta,Support,3,M.Com,3,37708.0
1787,Akash Patel,R&D,6,M.Tech,3,78635.0
1788,Sneha Chopra,Sales,2,M.Tech,2,43719.0
1789,Amit Sharma,Sales,8,BCA,3,50752.0
1790,Vikram Chopra,Support,3,PhD,3,46625.0
1791,Karan Chopra,IT,6,B.Tech,3,62162.0
1792,Simran Patel,R&D,4,B.Com,3,66885.0
1793,Rohan Sharma,Sales,5,M.Com,4,53694.0
1794,Aman Malik,R&D,6,M.Tech,3,78951.0
1795,Amit Mehra,IT,1,M.Com,3,52338.0
1796,Vikram Rao,Support,5,BCA,3,38228.0
1797,Deepak Pathan,Support,7,B.Com,3,40327.0
1798,Amit Kaur,Sales,6,M.Tech,3,57338.0
1799,Rohan Bhat,R&D,6,M.Com,4,80569.0
1800,Priya Patel,Support,7,B.Tech,3,41549.0
1801,Sneha Patel,R&D,4,PhD,3,78428.0
1802,Neha Joshi,IT,3,BCA,2,52599.0
1803,Simran Gupta,Sales,8,B.Com,2,41841.0
1804,Sana Sharma,R&D,4,BCA,3,67570.0
1805,Simran Joshi,Sales,5,B.Tech,1,42714.0
1806,Simran Patel,Marketing,5,B.Com,3,46400.0
1807,Rohan Bhat,Support,3,BCA,3,37064.0
1808,Vivek Chopra,Support,9,MBA,1,41548.0
1809,Arjun Chopra,Sales,8,B.Tech,3,54884.0
1810,Karan Nair,IT,6,B.Tech,3,60632.0
1811,Karan Patel,Support,3,B.Tech,3,42898.0
1812,Aman Bhat,Marketing,5,MBA,4,62828.0
1813,Rahul Rao,IT,5,MBA,3,62801.0
1814,Amit Rao,Support,5,M.Com,3,40304.0
1815,Simran Pathan,Support,3,M.Tech,4,49939.0
1816,Amit Bhat,Sales,7,PhD,3,60900.0
1817,Deepak Verma,R&D,3,BCA,2,65144.0
1818,Vivek Nair,Finance,0,M.Com,2,52658.0
1819,Akash Singh,IT,6,BCA,3,57747.0
1820,Rahul Kaur,Finance,6,PhD,3,75498.0
1821,Vivek Singh,Marketing,4,M.Tech,3,54439.0
1822,Arjun Mehra,IT,5,MBA,3,62984.0
1823,Aman Khan,Finance,9,M.Tech,3,73870.0
1824,Deepak Mehra,Finance,5,MBA,4,77132.0
1825,Rahul Rao,Sales,4,PhD,3,55084.0
1826,Pooja Kaur,Support,3,M.Tech,2,40880.0
1827,Sana Sharma,Finance,6,M.Com,4,71183.0
1828,Rahul Kaur,Finance,2,B.Com,3,58369.0
1829,Ritu Kaur,Marketing,6,M.Com,3,48572.0
1830,Kavita Khan,Sales,6,BCA,4,51121.0
1831,Rahul Mehra,HR,6,M.Com,3,47080.0
1832,Vikram Malik,Sales,5,PhD,3,59806.0
1833,Rohan Gupta,IT,3,B.Tech,3,59127.0
1834,Sneha Verma,IT,4,BCA,3,56290.0
1835,Priya Patel,Sales,4,M.Tech,3,53027.0
1836,Akash Mehra,Sales,5,BCA,3,46994.0
1837,Priya Verma,Support,4,B.Com,3,38068.0
1838,Simran Mehra,Finance,4,MBA,3,66142.0
1839,Priya Bhat,R&D,5,M.Tech,2,68977.0
1840,Rohan Nair,R&D,5,BCA,3,67557.0
1841,Priya Verma,IT,5,M.Tech,3,66658.0
1842,Sneha Verma,R&D,7,M.Tech,3,77940.0
1843,Deepak Kaur,IT,3,M.Tech,3,65480.0
1844,Rahul Bhat,Support,2,MBA,3,42788.0
1845,Priya Joshi,IT,4,PhD,3,68180.0
1846,Kavita Patel,Sales,4,M.Com,3,47385.0
1847,Rohan Verma,IT,6,M.Tech,4,74574.0
1848,Rohan Singh,Support,3,B.Tech,2,36410.0
1849,Simran Mehra,Sales,5,PhD,4,66198.0
1850,Aman Singh,R&D,5,B.Com,2,60319.0
1851,Priya Singh,IT,5,MBA,1,50869.0
1852,Meena Bhat,Marketing,5,BCA,4,53533.0
1853,Neha Verma,HR,3,MBA,2,47394.0
1854,Priya Khan,Support,10,BCA,3,42837.0
1855,Sneha Gupta,HR,5,MBA,4,57935.0
1856,Aman Patel,IT,4,BCA,4,64759.0
1857,Deepak Malik,IT,4,M.Tech,4,71793.0
1858,Sana Bhat,Sales,7,M.Com,3,45980.0
1859,Akash Singh,Sales,3,BCA,3,45353.0
1860,Ritu Mehra,IT,6,BCA,2,55109.0
1861,Meena Mehra,Marketing,2,B.Tech,3,50029.0
1862,Arjun Patel,Sales,4,BCA,4,48469.0
1863,Rahul Joshi,Sales,4,B.Tech,3,48673.0
1864,Vikram Kaur,Sales,4,B.Com,3,43544.0
1865,Rahul Gupta,Sales,8,M.Tech,3,57987.0
1866,Akash Malik,Sales,5,B.Tech,3,48339.0
1867,Pooja Pathan,IT,8,M.Com,4,69100.0
1868,Neha Rao,IT,5,PhD,2,60570.0
1869,Sneha Khan,Support,7,M.Tech,3,49239.0
1870,Aman Nair,Support,8,B.Tech,4,48676.0
1871,Rohan Kaur,Finance,3,M.Tech,3,67118.0
1872,Neha Singh,HR,4,M.Tech,2,46394.0
1873,Amit Sharma,R&D,6,M.Tech,3,74136.0
1874,Karan Malik,Sales,4,B.Com,3,45147.0
1875,Priya Pathan,IT,4,M.Com,2,52581.0
1876,Rahul Verma,IT,6,MBA,4,76229.0
1877,Meena Pathan,R&D,2,MBA,3,68937.0
1878,Meena Kaur,R&D,4,B.Tech,4,80018.0
1879,Vivek Gupta,IT,2,M.Tech,4,70397.0
1880,Arjun Singh,HR,8,B.Tech,3,51898.0
1881,Vivek Gupta,HR,7,B.Com,1,34742.0
1882,Amit Rao,R&D,2,B.Com,3,64711.0
1883,Meena Chopra,IT,5,BCA,2,50842.0
1884,Neha Khan,IT,6,B.Com,4,61617.0
1885,Priya Pathan,Marketing,7,BCA,2,44474.0
1886,Rahul Khan,IT,7,M.Com,3,60964.0
1887,Priya Nair,R&D,7,B.Tech,3,72520.0
1888,Aman Kaur,HR,6,PhD,3,58860.0
1889,Karan Bhat,IT,5,M.Com,2,53225.0
1890,Amit Joshi,HR,5,B.Com,3,43179.0
1891,Akash Malik,R&D,8,M.Com,2,64827.0
1892,Aman Singh,Support,7,M.Com,2,35288.0
1893,Sana Joshi,Marketing,4,M.Com,3,48110.0
1894,Kavita Verma,Finance,5,B.Com,3,57603.0
1895,Aman Chopra,R&D,8,PhD,3,84991.0
1896,Simran Verma,HR,5,M.Tech,3,54599.0
1897,Vikram Gupta,Finance,2,M.Com,3,57934.0
1898,Sana Sharma,Support,3,BCA,3,36861.0
1899,Vikram Sharma,IT,7,B.Com,4,65101.0
1900,Vivek Patel,IT,3,M.Com,2,52400.0
1901,Vivek Rao,HR,8,PhD,3,61912.0
1902,Vikram Gupta,IT,1,M.Tech,4,69483.0
1903,Rahul Khan,IT,5,B.Com,4,63455.0
1904,Karan Patel,R&D,3,MBA,2,67124.0
1905,Meena Singh,Sales,5,M.Tech,3,56592.0
1906,Amit Patel,Support,5,BCA,3,39434.0
1907,Meena Mehra,Marketing,2,M.Com,2,44924.0
1908,Deepak Malik,Finance,7,PhD,4,84871.0
1909,Sneha Chopra,HR,2,MBA,3,47189.0
1910,Karan Pathan,Finance,4,PhD,3,70276.0
1911,Pooja Nair,R&D,5,MBA,2,68456.0
1912,Deepak Chopra,HR,4,B.Com,3,45175.0
1913,Simran Bhat,R&D,4,MBA,3,75949.0
1914,Karan Malik,Sales,5,BCA,4,51294.0
1915,Akash Rao,Sales,4,BCA,1,38149.0
1916,Kavita Pathan,Sales,4,B.Tech,1,39658.0
1917,Deepak Verma,Finance,5,BCA,3,62952.0
1918,Meena Gupta,Support,7,M.Tech,2,43959.0
1919,Priya Verma,Marketing,6,MBA,3,54364.0
1920,Akash Pathan,IT,6,BCA,4,65520.0
1921,Vivek Verma,Support,8,B.Com,3,39056.0
1922,Neha Rao,Sales,5,PhD,4,63985.0
1923,Priya Patel,Support,2,PhD,1,40191.0
1924,Vikram Kaur,Marketing,4,B.Tech,2,48577.0
1925,Deepak Bhat,Sales,6,PhD,1,46700.0
1926,Aman Gupta,IT,3,MBA,3,63257.0
1927,Sana Patel,HR,3,B.Tech,4,52090.0
1928,Karan Singh,Sales,5,MBA,2,48363.0
1929,Akash Rao,R&D,5,B.Com,3,67565.0
1930,Amit Rao,HR,6,B.Tech,3,49243.0
1931,Vikram Verma,IT,2,M.Com,4,63110.0
1932,Priya Patel,Marketing,6,M.Tech,2,51104.0
1933,Neha Gupta,Support,4,M.Tech,2,44060.0
1934,Pooja Gupta,Sales,3,MBA,1,42731.0
1935,Sneha Sharma,IT,4,PhD,3,68969.0
1936,Akash Singh,HR,2,M.Com,3,42302.0
1937,Rahul Gupta,IT,6,B.Tech,4,68328.0
1938,Aman Nair,Support,8,M.Com,3,43882.0
1939,Aman Verma,IT,5,M.Com,3,56343.0
1940,Simran Malik,Sales,6,PhD,3,59360.0
1941,Neha Khan,HR,5,B.Tech,2,45528.0
1942,Vivek Gupta,Sales,5,B.Com,3,44580.0
1943,Akash Malik,R&D,6,PhD,4,95555.0
1944,Sana Mehra,Marketing,4,M.Com,4,54943.0
1945,Meena Singh,HR,4,M.Com,4,49384.0
1946,Arjun Malik,IT,5,B.Com,4,63811.0
1947,Pooja Malik,IT,5,M.Com,2,53097.0
1948,Rohan Pathan,Support,4,M.Com,2,39672.0
1949,Rahul Malik,Support,4,M.Com,1,30658.0
1950,Sneha Sharma,R&D,7,M.Tech,3,79878.0
1951,Neha Pathan,R&D,5,PhD,2,72604.0
1952,Simran Pathan,R&D,4,BCA,3,67502.0
1953,Deepak Chopra,IT,3,PhD,3,66188.0
1954,Vivek Malik,Support,9,B.Com,4,44417.0
1955,Sana Nair,Sales,6,M.Com,3,48750.0
1956,Neha Singh,Finance,6,PhD,4,83679.0
1957,Karan Sharma,Sales,4,M.Tech,2,50618.0
1958,Simran Malik,IT,7,B.Com,1,46223.0
1959,Vivek Mehra,IT,6,MBA,3,68088.0
1960,Priya Rao,Marketing,6,PhD,3,62014.0
1961,Pooja Rao,IT,2,MBA,3,62539.0
1962,Arjun Singh,R&D,6,M.Com,3,71629.0
1963,Simran Patel,HR,4,M.Tech,3,51101.0
1964,Sneha Chopra,Finance,7,M.Tech,3,71083.0
1965,Kavita Bhat,Finance,8,PhD,3,74480.0
1966,Rohan Bhat,Finance,6,B.Com,3,60201.0
1967,Aman Verma,R&D,3,B.Com,3,65554.0
1968,Karan Joshi,Finance,4,M.Tech,3,67785.0
1969,Meena Sharma,Sales,5,B.Com,3,46765.0
1970,Pooja Verma,Sales,3,M.Tech,2,47476.0
1971,Pooja Joshi,R&D,5,PhD,3,78229.0
1972,Akash Malik,Support,8,BCA,3,46148.0
1973,Aman Sharma,Marketing,8,M.Tech,3,58936.0
1974,Simran Gupta,HR,5,MBA,3,53483.0
1975,Rahul Gupta,IT,5,B.Com,2,48344.0
1976,Rahul Bhat,HR,8,M.Tech,3,56512.0
1977,Sana Gupta,R&D,5,M.Tech,3,76248.0
1978,Karan Bhat,IT,4,PhD,3,63482.0
1979,Aman Rao,Sales,3,B.Com,3,42718.0
1980,Kavita Singh,R&D,7,BCA,3,71403.0
1981,Akash Nair,Finance,4,PhD,3,70952.0
1982,Priya Khan,Marketing,4,BCA,3,47885.0
1983,Rahul Rao,IT,5,PhD,2,62296.0
1984,Vikram Gupta,IT,3,B.Com,3,53740.0
1985,Amit Verma,R&D,5,B.Tech,2,66255.0
1986,Aman Kaur,Sales,4,B.Com,2,39907.0
1987,Amit Mehra,R&D,6,B.Com,4,78144.0
1988,Aman Malik,Sales,5,BCA,4,50910.0
1989,Simran Verma,HR,5,BCA,2,41592.0
1990,Sneha Verma,Marketing,2,B.Com,3,44192.0
1991,Vivek Malik,Marketing,5,B.Com,2,42354.0
1992,Priya Singh,R&D,3,B.Com,3,66064.0
1993,Priya Khan,HR,3,BCA,4,49343.0
1994,Pooja Kaur,R&D,5,B.Com,4,75953.0
1995,Vikram Gupta,Finance,4,B.Com,3,60088.0
1996,Priya Sharma,IT,3,M.Com,3,54184.0
1997,Arjun Patel,Support,4,B.Tech,3,40033.0
1998,Rohan Gupta,IT,2,MBA,3,61635.0
1999,Akash Khan,Support,6,B.Tech,4,51627.0
2000,Simran Rao,Sales,7,M.Com,4,54709.0
2001,Ritu Singh,IT,3,MBA,3,62417.0
2002,Rohan Malik,Sales,5,PhD,3,56291.0
2003,Vikram Pathan,Support,4,B.Com,3,35435.0
2004,Karan Bhat,Marketing,6,M.Com,1,43026.0
2005,Aman Bhat,Marketing,6,PhD,4,70549.0
2006,Arjun Pathan,R&D,2,B.Com,3,65809.0
2007,Karan Joshi,R&D,2,BCA,3,66837.0
2008,Neha Kaur,Marketing,5,M.Tech,3,53736.0
2009,Neha Singh,HR,2,M.Com,4,47606.0
2010,Pooja Gupta,Sales,7,BCA,2,43732.0
2011,Priya Bhat,HR,4,M.Com,4,48754.0
2012,Priya Mehra,Support,5,M.Com,4,43794.0
2013,Rahul Mehra,Support,7,BCA,4,47740.0
2014,Rohan Verma,IT,5,MBA,3,63318.0
2015,Kavita Patel,R&D,7,B.Tech,2,69465.0
2016,Sana Gupta,Support,1,B.Com,3,34740.0
2017,Kavita Patel,IT,3,M.Com,3,54948.0
2018,Rahul Verma,Sales,4,B.Com,2,37464.0
2019,Simran Sharma,Support,9,M.Tech,3,50972.0
2020,Arjun Sharma,IT,4,BCA,3,58018.0
2021,Deepak Kaur,R&D,5,B.Com,4,76023.0
2022,Sana Patel,Finance,6,BCA,1,50503.0
2023,Priya Kaur,Support,6,B.Com,3,35912.0
2024,Kavita Bhat,Support,3,B.Tech,3,39802.0
2025,Pooja Singh,Support,3,B.Tech,3,41321.0
2026,Meena Nair,Sales,5,B.Tech,4,57491.0
2027,Deepak Bhat,Support,7,B.Tech,3,44724.0
2028,Akash Nair,Marketing,6,B.Tech,4,57153.0
2029,Rahul Rao,Finance,6,B.Tech,3,64611.0
2030,Pooja Joshi,Marketing,4,BCA,3,46069.0
2031,Ritu Pathan,IT,7,M.Com,1,48784.0
2032,Sana Khan,R&D,4,B.Com,1,54265.0
2033,Neha Kaur,HR,8,B.Tech,2,48000.0
2034,Vivek Bhat,IT,5,BCA,2,52143.0
2035,Vivek Chopra,IT,5,BCA,3,58997.0
2036,Arjun Mehra,R&D,4,BCA,2,60511.0
2037,Neha Pathan,Finance,5,M.Com,1,48364.0
2038,Priya Gupta,R&D,2,B.Com,4,74983.0
2039,Vivek Kaur,IT,3,M.Com,1,46442.0
2040,Kavita Verma,Finance,7,MBA,3,69109.0
2041,Arjun Khan,Sales,5,PhD,2,53457.0
2042,Akash Verma,Marketing,6,BCA,4,57253.0
2043,Vikram Chopra,Finance,7,MBA,4,79979.0
2044,Aman Singh,R&D,2,M.Tech,3,72122.0
2045,Priya Patel,Support,7,B.Tech,3,43228.0
2046,Ritu Joshi,R&D,5,PhD,1,66766.0
2047,Deepak Bhat,HR,5,B.Tech,4,55298.0
2048,Simran Kaur,IT,7,M.Com,4,70218.0
2049,Vivek Patel,Support,6,PhD,4,58386.0
2050,Simran Bhat,IT,5,B.Com,3,54214.0
2051,Priya Verma,Support,0,MBA,3,45666.0
2052,Sana Pathan,Sales,7,B.Com,4,52987.0
2053,Akash Nair,Support,5,M.Com,3,41181.0
2054,Pooja Joshi,Marketing,5,B.Tech,3,52813.0
2055,Karan Singh,Support,6,PhD,2,47320.0
2056,Arjun Chopra,Finance,8,B.Com,4,70708.0
2057,Akash Joshi,Marketing,4,B.Com,2,37914.0
2058,Sana Bhat,Sales,6,B.Tech,2,44325.0
2059,Kavita Mehra,Sales,4,PhD,3,57518.0
2060,Akash Gupta,R&D,1,MBA,3,66608.0
2061,Karan Mehra,Support,3,B.Tech,3,40917.0
2062,Priya Bhat,Support,4,B.Com,2,34472.0
2063,Rohan Singh,Marketing,5,MBA,1,46790.0
2064,Akash Chopra,Sales,4,MBA,3,53169.0
2065,Sneha Nair,Sales,5,B.Tech,4,57813.0
2066,Sana Verma,Marketing,2,B.Com,4,53108.0
2067,Pooja Sharma,HR,2,M.Com,3,45116.0
2068,Arjun Khan,IT,5,B.Com,4,63545.0
2069,Pooja Rao,Finance,5,BCA,3,60298.0
2070,Arjun Pathan,Finance,5,PhD,3,72772.0
2071,Akash Patel,Finance,6,M.Tech,3,69811.0
2072,Pooja Kaur,HR,4,M.Com,3,46820.0
2073,Priya Kaur,IT,9,MBA,3,69652.0
2074,Kavita Sharma,IT,7,M.Com,3,59620.0
2075,Arjun Gupta,Support,2,PhD,3,50034.0
2076,Arjun Mehra,Sales,3,MBA,3,50866.0
2077,Kavita Mehra,Finance,4,PhD,1,56901.0
2078,Priya Patel,R&D,6,MBA,3,77600.0
2079,Sana Khan,HR,7,M.Com,2,42084.0
2080,Sana Bhat,Support,4,MBA,2,42444.0
2081,Aman Verma,Marketing,5,MBA,3,54392.0
2082,Vivek Chopra,IT,5,BCA,3,56697.0
2083,Priya Joshi,Sales,3,B.Com,3,44552.0
2084,Ritu Malik,Support,3,B.Com,3,35078.0
2085,Priya Singh,Support,7,M.Tech,4,56192.0
2086,Vivek Singh,Sales,3,M.Tech,4,58165.0
2087,Karan Mehra,R&D,8,BCA,4,83017.0
2088,Aman Bhat,IT,8,M.Tech,3,69755.0
2089,Vikram Sharma,Support,5,PhD,3,50757.0
2090,Neha Pathan,HR,5,M.Com,4,52300.0
2091,Kavita Chopra,Support,3,B.Tech,3,41476.0
2092,Rohan Mehra,R&D,3,PhD,2,70599.0
2093,Deepak Malik,R&D,6,B.Tech,3,75254.0
2094,Rohan Malik,Sales,5,B.Tech,2,47157.0
2095,Vikram Sharma,HR,4,BCA,4,48561.0
2096,Kavita Malik,IT,6,PhD,3,72875.0
2097,Arjun Singh,HR,3,BCA,3,42687.0
2098,Simran Sharma,IT,12,MBA,3,75284.0
2099,Priya Malik,Marketing,1,B.Tech,3,47811.0
2100,Deepak Chopra,Finance,6,M.Com,1,52469.0
2101,Deepak Nair,IT,1,M.Tech,3,61641.0
2102,Meena Verma,Support,6,M.Com,3,40075.0
2103,Priya Nair,Support,1,M.Tech,3,43867.0
2104,Simran Joshi,Support,4,B.Tech,3,43740.0
2105,Vivek Patel,Support,3,B.Tech,2,36617.0
2106,Rohan Gupta,IT,3,B.Tech,2,52374.0
2107,Akash Chopra,Finance,5,BCA,2,53270.0
2108,Sneha Khan,Marketing,5,PhD,3,62851.0
2109,Neha Khan,R&D,5,M.Tech,4,87279.0
2110,Akash Nair,IT,9,PhD,4,85875.0
2111,Rohan Malik,Marketing,3,BCA,3,45738.0
2112,Amit Rao,HR,3,BCA,3,44895.0
2113,Priya Patel,HR,6,B.Com,3,45562.0
2114,Priya Pathan,Sales,6,M.Com,2,43337.0
2115,Deepak Patel,R&D,3,M.Com,2,60379.0
2116,Sneha Sharma,R&D,7,MBA,4,88795.0
2117,Ritu Sharma,IT,4,BCA,3,54837.0
2118,Arjun Malik,Support,1,M.Tech,4,51323.0
2119,Arjun Patel,HR,7,B.Com,3,45384.0
2120,Ritu Rao,IT,7,B.Com,3,56011.0
2121,Pooja Chopra,Support,2,PhD,2,43302.0
2122,Neha Chopra,Support,5,M.Com,3,39733.0
2123,Ritu Bhat,Support,6,BCA,3,36216.0
2124,Neha Nair,Marketing,9,MBA,3,59413.0
2125,Aman Joshi,R&D,3,BCA,2,61505.0
2126,Priya Rao,Sales,4,PhD,3,56818.0
2127,Sneha Chopra,IT,10,B.Tech,1,54382.0
2128,Neha Mehra,Sales,4,BCA,3,45871.0
2129,Vivek Verma,Finance,4,PhD,3,70766.0
2130,Kavita Malik,HR,4,B.Tech,2,44296.0
2131,Kavita Bhat,R&D,7,B.Tech,2,70586.0
2132,Sana Sharma,Sales,8,MBA,2,48754.0
2133,Priya Joshi,IT,6,M.Tech,3,66011.0
2134,Vikram Chopra,HR,6,M.Com,2,46054.0
2135,Pooja Nair,R&D,3,BCA,3,66718.0
2136,Simran Malik,IT,5,B.Tech,1,49448.0
2137,Meena Gupta,Support,6,BCA,2,35453.0
2138,Vivek Singh,Sales,2,M.Tech,4,60412.0
2139,Sana Kaur,Sales,8,M.Com,3,48356.0
2140,Meena Joshi,R&D,5,M.Tech,2,71789.0
2141,Priya Nair,Marketing,4,M.Com,4,54935.0
2142,Ritu Singh,Finance,4,B.Com,3,57087.0
2143,Priya Pathan,R&D,2,M.Com,4,75053.0
2144,Vikram Mehra,Sales,5,MBA,3,53170.0
2145,Amit Malik,HR,5,M.Tech,3,52493.0
2146,Rohan Singh,Support,4,B.Tech,4,48919.0
2147,Arjun Malik,Marketing,2,B.Com,2,39447.0
2148,Meena Mehra,R&D,4,MBA,3,75054.0
2149,Karan Khan,Support,4,BCA,3,38822.0
2150,Simran Patel,Support,1,M.Tech,1,35997.0
2151,Rahul Joshi,R&D,8,PhD,1,71106.0
2152,Ritu Malik,Marketing,4,PhD,2,53350.0
2153,Vikram Nair,R&D,10,B.Tech,3,80134.0
2154,Sana Sharma,R&D,6,M.Com,3,72434.0
2155,Kavita Singh,R&D,3,B.Tech,3,71412.0
2156,Deepak Sharma,Marketing,6,PhD,1,47572.0
2157,Deepak Bhat,IT,4,BCA,3,56600.0
2158,Neha Khan,Support,3,B.Com,4,42427.0
2159,Vivek Gupta,Support,2,B.Com,3,34847.0
2160,Sneha Mehra,IT,3,M.Tech,3,62142.0
2161,Akash Gupta,Marketing,5,B.Com,3,46138.0
2162,Simran Kaur,IT,3,M.Tech,3,61416.0
2163,Karan Bhat,Finance,4,M.Tech,3,68715.0
2164,Karan Bhat,Marketing,3,M.Tech,4,65698.0
2165,Akash Singh,IT,6,PhD,3,69390.0
2166,Meena Chopra,Marketing,5,PhD,4,68050.0
2167,Arjun Bhat,Marketing,5,M.Com,2,45123.0
2168,Akash Sharma,Sales,4,MBA,3,49869.0
2169,Meena Pathan,IT,4,M.Tech,2,57277.0
2170,Kavita Joshi,Finance,6,M.Tech,3,70139.0
2171,Priya Mehra,R&D,4,MBA,3,73503.0
2172,Sana Patel,Support,6,B.Tech,2,40996.0
2173,Meena Singh,R&D,4,M.Tech,2,67179.0
2174,Sneha Singh,HR,5,M.Com,4,53602.0
2175,Vikram Nair,R&D,5,B.Com,4,79203.0
2176,Rohan Patel,Sales,4,B.Com,3,44529.0
2177,Amit Kaur,Marketing,5,BCA,3,48194.0
2178,Pooja Chopra,IT,3,BCA,3,55171.0
2179,Simran Bhat,Marketing,4,B.Com,3,45671.0
2180,Amit Mehra,Sales,6,B.Com,4,48746.0
2181,Kavita Mehra,Support,6,PhD,2,45571.0
2182,Amit Pathan,Finance,1,M.Com,3,57205.0
2183,Rahul Kaur,R&D,3,MBA,3,72047.0
2184,Arjun Malik,Support,4,BCA,3,37396.0
2185,Vivek Patel,IT,6,PhD,3,70943.0
2186,Amit Khan,Support,4,PhD,3,50114.0
2187,Priya Kaur,R&D,3,MBA,2,68368.0
2188,Sneha Patel,IT,14,PhD,3,80697.0
2189,Sneha Patel,Finance,5,M.Com,2,56629.0
2190,Akash Patel,R&D,4,B.Com,2,59412.0
2191,Akash Mehra,IT,5,M.Tech,2,57403.0
2192,Vivek Kaur,R&D,5,MBA,3,75611.0
2193,Aman Rao,Finance,7,B.Com,3,60355.0
2194,Aman Patel,R&D,7,B.Com,3,69974.0
2195,Priya Bhat,IT,7,B.Tech,3,61101.0
2196,Akash Mehra,Support,2,MBA,3,44736.0
2197,Amit Kaur,Support,5,PhD,3,49724.0
2198,Vikram Sharma,Support,3,M.Tech,3,44928.0
2199,Sneha Sharma,Marketing,7,MBA,3,57654.0
2200,Aman Singh,IT,2,PhD,3,66893.0
